,Mcg,Gvh,Alm,Mit,Erl,Pox,Vac,Nuc,result
913,0.38,0.58,0.46,0.21,0.5,0.0,0.52,0.22,0
178,0.47,0.54,0.37,0.14,0.5,0.0,0.5,0.22,0
369,0.5,0.53,0.45,0.44,0.5,0.0,0.49,0.22,0
974,0.25,0.48,0.45,0.32,0.5,0.0,0.4,0.22,0
97,0.47,0.47,0.57,0.48,0.5,0.0,0.48,0.22,0
992,0.61,0.52,0.5,0.44,0.5,0.0,0.53,0.22,0
1347,0.45,0.47,0.53,0.15,0.5,0.0,0.52,0.27,0
1346,0.41,0.53,0.41,0.15,0.5,0.0,0.54,0.25,0
234,0.54,0.65,0.49,0.34,0.5,0.0,0.52,0.22,0
804,0.32,0.44,0.54,0.21,0.5,0.0,0.4,0.19,0
357,0.41,0.43,0.5,0.28,0.5,0.0,0.5,0.22,0
215,0.41,0.24,0.54,0.26,0.5,0.0,0.41,0.22,0
725,0.35,0.42,0.56,0.28,0.5,0.0,0.47,0.22,0
1259,0.4,0.48,0.5,0.17,0.5,0.0,0.54,0.5,0
524,0.44,0.53,0.53,0.37,0.5,0.0,0.51,0.22,0
200,0.55,0.42,0.34,0.3,0.5,0.0,0.52,0.22,0
896,0.55,0.4,0.62,0.22,0.5,0.0,0.37,0.28,0
118,0.43,0.57,0.53,0.16,0.5,0.0,0.54,0.22,0
673,0.32,0.48,0.49,0.17,0.5,0.0,0.47,0.22,0
1087,0.57,0.53,0.6,0.28,0.5,0.0,0.52,0.45,0
649,0.25,0.39,0.5,0.23,0.5,0.0,0.5,0.28,0
1388,0.35,0.39,0.56,0.2,0.5,0.0,0.49,0.41,0
1228,0.67,0.68,0.46,0.29,0.5,0.0,0.46,0.22,0
915,0.37,0.29,0.45,0.15,0.5,0.0,0.49,0.22,0
1027,0.42,0.45,0.75,0.21,0.5,0.0,0.48,0.22,0
740,0.5,0.36,0.64,0.37,0.5,0.0,0.37,0.33,0
312,0.4,0.34,0.52,0.17,0.5,0.0,0.47,0.51,0
169,0.5,0.4,0.56,0.7,0.5,0.0,0.5,0.22,0
1333,0.61,0.46,0.44,0.47,0.5,0.0,0.5,0.37,0
516,0.51,0.56,0.62,0.24,0.5,0.0,0.52,0.51,0
88,0.44,0.59,0.36,0.16,0.5,0.0,0.52,0.22,0
1360,0.5,0.62,0.52,0.3,0.5,0.0,0.56,0.22,0
1067,0.6,0.37,0.52,0.15,0.5,0.0,0.55,0.26,0
121,0.58,0.5,0.5,0.12,0.5,0.0,0.48,0.25,0
14,0.47,0.39,0.5,0.11,0.5,0.0,0.49,0.4,0
172,0.53,0.51,0.46,0.28,0.5,0.0,0.48,0.22,0
1083,0.45,0.51,0.43,0.22,0.5,0.0,0.57,0.22,0
884,0.19,0.16,0.68,0.36,0.5,0.0,0.49,0.21,0
71,0.28,0.58,0.21,0.13,0.5,0.0,0.51,0.22,0
607,0.48,0.45,0.59,0.35,0.5,0.0,0.55,0.3,0
462,0.34,0.54,0.54,0.13,0.5,0.0,0.52,0.22,0
148,0.54,0.38,0.52,0.18,0.5,0.0,0.48,0.22,0
932,0.5,0.52,0.51,0.22,0.5,0.0,0.46,0.37,0
429,0.44,0.53,0.43,0.17,0.5,0.0,0.54,0.75,0
58,0.48,0.42,0.52,0.24,0.5,0.0,0.56,0.22,0
1310,0.55,0.5,0.6,0.31,0.5,0.0,0.46,0.27,0
689,0.6,0.59,0.47,0.47,0.5,0.0,0.53,0.22,0
813,0.57,0.48,0.54,0.22,0.5,0.0,0.5,0.11,0
404,0.38,0.49,0.54,1.0,0.5,0.0,0.5,0.27,0
1283,0.89,0.77,0.36,0.34,0.5,0.0,0.44,0.22,0
326,0.53,0.43,0.47,0.15,0.5,0.0,0.58,0.22,0
332,0.48,0.57,0.5,0.09,0.5,0.0,0.52,0.42,0
597,0.37,0.42,0.6,0.13,0.5,0.0,0.51,0.22,0
452,0.49,0.44,0.45,0.22,0.5,0.0,0.51,0.22,0
390,0.81,0.76,0.32,0.37,0.5,0.0,0.51,0.22,0
807,0.42,0.5,0.64,0.13,0.5,0.0,0.49,0.22,0
383,0.59,0.57,0.46,0.14,0.5,0.0,0.52,0.22,0
818,0.37,0.3,0.62,0.43,0.5,0.0,0.44,0.39,0
450,0.51,0.47,0.41,0.44,0.5,0.0,0.5,0.22,0
738,0.37,0.58,0.5,0.22,0.5,0.0,0.47,0.22,0
213,0.8,0.46,0.5,0.15,0.5,0.0,0.53,0.22,0
1030,0.54,0.43,0.48,0.27,0.5,0.0,0.44,0.41,0
822,0.49,0.4,0.58,0.23,0.5,0.0,0.47,0.27,0
419,0.43,0.38,0.51,0.24,0.5,0.0,0.46,0.33,0
1374,0.54,0.55,0.56,0.14,0.5,0.0,0.5,0.25,0
1032,0.55,0.39,0.39,0.47,0.5,0.0,0.5,0.83,0
1023,0.44,0.49,0.49,0.27,0.5,0.0,0.52,0.22,0
802,0.52,0.43,0.61,0.22,0.5,0.0,0.45,0.22,0
1133,0.38,0.56,0.38,0.16,0.5,0.0,0.53,0.22,0
206,0.27,0.36,0.6,0.33,0.5,0.0,0.37,0.31,0
829,0.39,0.46,0.33,0.18,0.5,0.0,0.53,0.22,0
1175,0.38,0.47,0.47,0.18,0.5,0.0,0.44,0.26,0
1279,0.42,0.32,0.61,0.13,0.5,0.0,0.14,0.27,0
1292,0.62,0.64,0.56,0.2,0.5,0.0,0.48,0.33,0
12,0.6,0.4,0.52,0.46,0.5,0.0,0.53,0.22,0
432,0.78,0.48,0.47,0.3,0.5,0.0,0.53,0.47,0
523,0.41,0.47,0.58,0.62,0.5,0.0,0.5,0.22,0
491,0.6,0.57,0.64,0.52,0.5,0.0,0.47,0.28,0
56,0.47,0.39,0.59,0.15,0.5,0.0,0.57,0.22,0
561,0.45,0.41,0.58,0.48,0.5,0.0,0.53,0.64,0
667,0.33,0.39,0.52,0.09,0.5,0.0,0.47,0.28,0
761,0.37,0.45,0.53,0.14,0.5,0.0,0.49,0.22,0
1220,0.44,0.38,0.48,0.32,0.5,0.83,0.53,0.22,0
1203,0.36,0.46,0.62,0.46,0.5,0.0,0.51,0.33,0
1436,0.31,0.31,0.57,0.15,0.5,0.0,0.5,0.22,0
1396,0.53,0.57,0.6,0.36,0.5,0.0,0.5,0.22,0
816,0.53,0.57,0.6,0.36,0.5,0.0,0.5,0.22,0
614,0.46,0.46,0.53,0.23,0.5,0.0,0.51,0.22,0
986,0.62,0.42,0.47,0.16,0.5,0.0,0.52,0.22,0
682,0.37,0.44,0.51,0.56,0.5,0.0,0.5,0.38,0
160,0.72,0.62,0.34,0.29,0.5,0.0,0.56,0.28,0
782,0.43,0.33,0.67,0.12,0.5,0.0,0.43,0.23,0
1209,0.54,0.55,0.34,0.31,0.5,0.0,0.54,0.22,0
198,0.44,0.68,0.45,0.51,0.5,0.0,0.52,0.41,0
619,0.74,0.72,0.5,0.28,0.5,0.0,0.5,0.27,0
1011,0.44,0.54,0.51,0.16,0.5,0.0,0.58,0.22,0
1248,0.46,0.48,0.44,0.21,0.5,0.0,0.55,0.22,0
302,0.44,0.34,0.55,0.18,0.5,0.0,0.52,0.22,0
1261,0.56,0.57,0.63,0.39,1.0,0.0,0.59,0.4,0
431,0.52,0.49,0.57,0.57,0.5,0.0,0.51,0.22,0
1000,0.63,0.58,0.57,0.1,0.5,0.0,0.52,0.33,0
442,0.41,0.41,0.51,0.19,0.5,0.0,0.57,0.22,0
1323,0.78,0.63,0.53,0.13,0.5,0.0,0.54,0.22,0
1415,0.6,0.64,0.56,0.36,0.5,0.0,0.46,0.27,0
1274,0.45,0.57,0.3,0.17,0.5,0.0,0.51,0.22,0
233,0.52,0.75,0.37,0.14,0.5,0.0,0.46,0.22,0
1126,0.28,0.48,0.36,0.16,0.5,0.0,0.53,0.22,0
1380,0.38,0.44,0.55,0.44,0.5,0.0,0.47,0.51,0
1457,0.51,0.49,0.48,0.55,0.5,0.0,0.52,0.58,0
902,0.36,0.32,0.55,0.27,0.5,0.0,0.47,0.43,0
232,0.45,0.56,0.53,0.32,0.5,0.0,0.57,0.22,0
503,0.58,0.53,0.57,0.46,0.5,0.0,0.51,0.27,0
671,0.68,0.39,0.5,0.15,0.5,0.0,0.48,0.37,0
294,0.38,0.47,0.53,0.12,0.5,0.0,0.48,0.22,0
485,0.41,0.54,0.58,0.2,0.5,0.0,0.52,0.22,0
888,0.48,0.55,0.58,0.18,0.5,0.0,0.38,0.69,0
669,0.3,0.3,0.46,0.32,0.5,0.0,0.45,0.22,0
61,0.46,0.49,0.58,0.23,0.5,0.0,0.44,0.22,0
1074,0.56,0.68,0.42,0.36,0.5,0.0,0.49,0.22,0
1224,0.52,0.51,0.51,0.54,0.5,0.0,0.55,0.27,0
483,0.39,0.3,0.56,0.12,0.5,0.0,0.53,0.38,0
201,0.34,0.42,0.3,0.23,0.5,0.0,0.53,0.22,0
242,0.34,0.38,0.45,0.19,0.5,0.0,0.51,0.22,0
826,0.59,0.54,0.53,0.14,0.5,0.0,0.48,0.22,0
660,0.55,0.63,0.54,0.16,0.5,0.0,0.45,0.27,0
573,0.48,0.49,0.45,0.23,0.5,0.0,0.51,0.22,0
536,0.51,0.46,0.54,0.41,0.5,0.0,0.53,0.22,0
610,0.62,0.43,0.49,0.29,0.5,0.0,0.5,0.27,0
1226,0.52,0.77,0.38,0.34,0.5,0.0,0.51,0.22,0
1317,0.57,0.4,0.48,0.24,0.5,0.0,0.55,0.22,0
747,0.43,0.33,0.54,0.37,0.5,0.0,0.38,0.16,0
111,0.34,0.54,0.5,0.21,0.5,0.0,0.54,0.31,0
718,0.66,0.55,0.54,0.18,0.5,0.0,0.43,0.22,0
1293,0.46,0.32,0.58,0.17,0.5,0.0,0.61,0.25,0
7,0.55,0.5,0.66,0.36,0.5,0.0,0.49,0.22,0
65,0.63,0.57,0.59,0.4,0.5,0.0,0.38,0.22,0
471,0.37,0.31,0.53,0.16,0.5,0.0,0.53,0.44,0
1235,0.51,0.53,0.55,0.14,0.5,0.0,0.51,0.22,0
780,0.63,0.64,0.45,0.26,0.5,0.0,0.43,0.22,0
286,0.56,0.54,0.59,0.14,0.5,0.0,0.52,0.27,0
197,0.45,0.27,0.57,0.36,0.5,0.0,0.52,0.18,0
938,0.53,0.48,0.51,0.18,0.5,0.0,0.51,0.27,0
211,0.36,0.24,0.49,0.16,0.5,0.0,0.51,0.22,0
1354,0.48,0.56,0.49,0.32,0.5,0.0,0.5,0.22,0
830,0.52,0.54,0.47,0.49,0.5,0.0,0.54,0.22,0
1289,0.46,0.4,0.38,0.18,0.5,0.0,0.49,0.22,0
57,0.81,0.85,0.47,0.37,0.5,0.0,0.56,0.22,0
855,0.52,0.55,0.39,0.09,1.0,0.0,0.55,0.25,0
1225,0.46,0.43,0.38,0.33,0.5,0.0,0.48,0.28,0
1057,0.6,0.57,0.63,0.22,0.5,0.0,0.5,0.49,0
560,0.51,0.34,0.49,0.16,0.5,0.0,0.53,0.21,0
1254,0.6,0.6,0.49,0.3,0.5,0.0,0.53,0.22,0
156,0.44,0.42,0.6,0.21,0.5,0.0,0.57,0.22,0
519,0.58,0.57,0.54,0.69,0.5,0.0,0.54,0.22,0
590,0.51,0.46,0.57,0.25,0.5,0.0,0.53,0.22,0
488,0.5,0.46,0.64,0.36,0.5,0.0,0.49,0.22,0
796,0.73,0.6,0.47,0.2,0.5,0.0,0.72,0.22,0
911,0.66,0.65,0.54,0.4,0.5,0.0,0.51,0.22,0
805,0.48,0.41,0.52,0.33,0.5,0.0,0.51,0.26,0
391,0.65,0.61,0.39,0.3,0.5,0.0,0.57,0.28,0
947,0.25,0.42,0.21,0.14,0.5,0.0,0.41,0.22,0
411,0.52,0.48,0.54,0.28,0.5,0.0,0.54,0.22,0
664,0.45,0.48,0.56,0.56,0.5,0.0,0.47,0.22,0
1095,0.32,0.3,0.57,0.38,0.5,0.0,0.5,0.25,0
1431,0.41,0.39,0.61,0.17,0.5,0.0,0.5,0.61,0
1059,0.48,0.39,0.56,0.23,0.5,0.0,0.6,0.22,0
1305,0.6,0.62,0.54,0.4,0.5,0.0,0.5,0.22,0
1455,0.5,0.47,0.45,0.14,0.5,0.0,0.53,0.32,0
1309,0.44,0.44,0.67,0.35,0.5,0.0,0.48,0.26,0
700,0.33,0.28,0.5,0.4,0.5,0.0,0.46,0.61,0
1106,0.29,0.39,0.46,0.36,0.5,0.0,0.51,0.22,0
858,0.48,0.5,0.47,0.29,0.5,0.0,0.46,0.27,0
1421,0.44,0.59,0.54,0.18,0.5,0.0,0.49,0.22,0
1237,0.51,0.55,0.35,0.16,0.5,0.0,0.51,0.47,0
837,0.55,0.52,0.44,0.2,0.5,0.0,0.56,0.22,0
1174,0.39,0.58,0.47,0.18,0.5,0.0,0.48,0.22,0
845,0.44,0.71,0.5,0.21,0.5,0.0,0.54,0.27,0
799,0.44,0.62,0.53,0.27,0.5,0.0,0.49,0.22,0
208,0.42,0.32,0.5,0.21,0.5,0.0,0.51,0.22,0
407,0.27,0.56,0.56,0.18,0.5,0.0,0.52,0.22,0
82,0.64,0.57,0.57,0.27,0.5,0.0,0.37,0.22,0
393,0.42,0.25,0.6,0.14,0.5,0.0,0.45,0.22,0
230,0.55,0.46,0.53,0.11,0.5,0.0,0.52,0.48,0
1373,0.45,0.52,0.5,0.12,0.5,0.0,0.6,0.22,0
1005,0.42,0.5,0.59,0.17,0.5,0.0,0.51,0.22,0
1469,0.43,0.6,0.4,0.12,0.5,0.0,0.49,0.29,0
1071,0.5,0.55,0.52,0.16,0.5,0.0,0.51,0.31,0
272,0.51,0.58,0.54,0.29,0.5,0.0,0.53,0.22,0
824,0.34,0.25,0.55,0.28,0.5,0.0,0.51,0.49,0
279,0.23,0.3,0.58,0.22,0.5,0.0,0.48,0.27,0
1161,0.3,0.37,0.4,0.45,0.5,0.0,0.48,0.41,0
1461,0.4,0.36,0.32,0.16,0.5,0.0,0.51,0.27,0
603,0.4,0.36,0.55,0.15,0.5,0.0,0.53,0.22,0
1476,0.38,0.44,0.57,0.14,0.5,0.0,0.53,0.52,0
1117,0.35,0.32,0.31,0.16,0.5,0.0,0.56,0.22,0
976,0.61,0.54,0.54,0.38,0.5,0.0,0.54,0.29,0
1196,0.64,0.56,0.56,0.22,0.5,0.0,0.45,0.22,0
402,0.36,0.35,0.47,0.22,0.5,0.0,0.44,0.31,0
786,0.4,0.45,0.61,0.29,0.5,0.0,0.44,0.22,0
661,0.42,0.53,0.57,0.17,0.5,0.0,0.49,0.22,0
663,0.33,0.35,0.56,0.19,0.5,0.0,0.5,0.22,0
779,0.63,0.64,0.45,0.26,0.5,0.0,0.43,0.22,0
378,0.43,0.51,0.6,0.25,0.5,0.0,0.55,0.22,0
1442,0.53,0.51,0.54,0.21,0.5,0.0,0.45,0.22,0
585,0.45,0.46,0.61,0.2,0.5,0.0,0.62,0.22,0
1009,0.32,0.32,0.52,0.18,0.5,0.0,0.48,0.34,0
1197,0.53,0.44,0.51,0.33,0.5,0.0,0.55,0.22,0
606,0.75,0.6,0.43,0.35,0.5,0.0,0.45,0.27,0
375,0.51,0.34,0.43,0.18,0.5,0.0,0.48,0.25,0
584,0.5,0.51,0.57,0.27,0.5,0.0,0.48,0.22,0
1038,0.79,0.56,0.53,0.19,0.5,0.0,0.47,0.35,0
1006,0.54,0.55,0.55,0.4,0.5,0.0,0.53,0.22,0
1156,0.47,0.5,0.6,0.63,0.5,0.0,0.38,0.16,0
716,0.4,0.6,0.5,0.16,0.5,0.0,0.51,0.22,0
653,0.46,0.37,0.48,0.36,0.5,0.0,0.48,0.22,0
1176,0.63,0.57,0.5,0.48,0.5,0.0,0.51,0.22,0
1275,0.42,0.44,0.33,0.17,0.5,0.0,0.54,0.27,0
85,0.47,0.52,0.5,0.4,0.5,0.0,0.41,0.22,0
525,0.47,0.46,0.55,0.28,0.5,0.0,0.44,0.46,0
539,0.37,0.51,0.57,0.4,0.5,0.0,0.48,0.27,0
493,0.41,0.52,0.53,0.41,0.5,0.0,0.39,0.33,0
906,0.52,0.47,0.58,0.18,0.5,0.0,0.34,0.11,0
499,0.6,0.46,0.59,0.16,0.5,0.0,0.49,0.22,0
1365,0.43,0.41,0.51,0.34,0.5,0.0,0.49,0.28,0
1453,0.4,0.28,0.58,0.44,0.5,0.0,0.41,0.22,0
468,0.45,0.48,0.63,0.67,0.5,0.0,0.48,0.22,0
66,0.48,0.45,0.55,0.5,0.5,0.0,0.53,0.22,0
184,0.69,0.61,0.38,0.27,0.5,0.0,0.52,0.22,0
424,0.54,0.54,0.49,0.14,0.5,0.0,0.56,0.22,0
1335,0.45,0.53,0.47,0.43,0.5,0.0,0.5,0.27,0
291,0.43,0.51,0.54,0.15,0.5,0.0,0.45,0.26,0
1183,0.38,0.4,0.66,0.35,0.5,0.0,0.43,0.11,0
1308,0.45,0.43,0.63,0.4,0.5,0.0,0.59,0.11,0
309,0.3,0.5,0.47,0.11,0.5,0.0,0.46,0.22,0
933,0.56,0.52,0.46,0.17,0.5,0.0,0.49,0.73,0
67,0.5,0.58,0.46,0.46,0.5,0.0,0.46,0.22,0
949,0.49,0.31,0.43,0.24,0.5,0.0,0.54,0.22,0
644,0.37,0.51,0.39,0.18,0.5,0.0,0.51,0.27,0
674,0.34,0.35,0.58,0.2,0.5,0.0,0.46,0.32,0
1131,0.38,0.37,0.36,0.14,0.5,0.0,0.54,0.22,0
443,0.81,0.65,0.52,0.41,0.5,0.0,0.57,0.26,0
382,0.58,0.55,0.52,0.22,0.5,0.0,0.44,0.22,0
1051,0.59,0.7,0.46,0.19,0.5,0.0,0.54,0.44,0
1319,0.41,0.59,0.46,0.19,0.5,0.0,0.36,0.22,0
364,0.45,0.54,0.54,0.62,0.5,0.0,0.53,0.22,0
316,0.41,0.6,0.53,0.29,0.5,0.0,0.47,0.43,0
1313,0.51,0.56,0.51,0.42,0.5,0.0,0.53,0.36,0
928,0.31,0.5,0.54,0.32,0.5,0.0,0.53,0.31,0
979,0.55,0.38,0.52,0.16,0.5,0.0,0.49,0.64,0
1111,0.71,0.51,0.49,0.23,0.5,0.0,0.3,0.32,0
1358,0.46,0.43,0.5,0.24,0.5,0.0,0.48,0.31,0
30,0.33,0.55,0.51,0.43,0.5,0.0,0.51,0.22,0
946,0.41,0.42,0.23,0.16,0.5,0.0,0.4,0.22,0
457,0.68,0.68,0.49,0.15,0.5,0.0,0.53,0.22,0
557,0.3,0.55,0.58,0.16,0.5,0.0,0.61,0.28,0
1264,0.48,0.34,0.47,0.14,0.5,0.0,0.47,0.26,0
1479,0.36,0.48,0.61,0.26,0.5,0.0,0.5,0.16,0
15,0.58,0.47,0.54,0.11,0.5,0.0,0.51,0.26,0
1097,0.45,0.5,0.43,0.16,0.5,0.0,0.52,0.28,0
931,0.61,0.5,0.61,0.21,0.5,0.0,0.55,0.54,0
955,0.49,0.55,0.41,0.19,0.5,0.0,0.48,0.31,0
348,0.55,0.53,0.56,0.29,0.5,0.0,0.48,0.22,0
1113,0.58,0.63,0.52,0.7,0.5,0.0,0.46,0.22,0
552,0.35,0.44,0.54,0.26,0.5,0.0,0.52,0.26,0
1473,0.64,0.44,0.56,0.15,0.5,0.0,0.56,0.22,0
124,0.45,0.43,0.51,0.24,0.5,0.0,0.54,0.33,0
433,0.49,0.62,0.65,0.18,0.5,0.0,0.46,0.43,0
243,0.62,0.58,0.46,0.13,0.5,0.0,0.53,0.22,0
39,0.53,0.31,0.58,0.39,0.5,0.0,0.47,0.37,0
1312,0.58,0.53,0.5,0.53,0.5,0.0,0.47,0.31,0
324,0.35,0.4,0.53,0.18,0.5,0.0,0.42,0.38,0
695,0.57,0.6,0.54,0.17,0.5,0.0,0.52,0.22,0
1269,0.37,0.62,0.34,0.25,0.5,0.0,0.51,0.22,0
852,0.37,0.42,0.46,0.15,0.5,0.0,0.51,0.31,0
827,0.5,0.48,0.48,0.23,0.5,0.0,0.53,0.68,0
1265,0.44,0.42,0.62,0.14,0.5,0.0,0.55,0.37,0
809,0.39,0.65,0.57,0.19,0.5,0.0,0.44,0.25,0
1062,0.55,0.49,0.6,0.18,0.5,0.0,0.51,0.22,0
258,0.81,0.82,0.41,0.36,0.5,0.0,0.39,0.22,0
629,0.5,0.42,0.57,0.49,0.5,0.0,0.48,0.27,0
420,0.48,0.57,0.52,0.61,0.5,0.0,0.51,0.22,0
1389,0.48,0.55,0.48,0.1,0.5,0.0,0.55,0.22,0
892,0.25,0.35,0.22,0.18,0.5,0.0,0.46,0.22,0
634,0.77,0.73,0.51,0.27,0.5,0.0,0.34,0.22,0
591,0.49,0.45,0.46,0.18,0.5,0.0,0.49,0.31,0
241,0.32,0.47,0.55,0.12,0.5,0.0,0.52,0.22,0
711,0.48,0.47,0.59,0.41,0.5,0.0,0.56,0.27,0
792,0.56,0.35,0.47,0.35,0.5,0.0,0.52,0.22,0
1172,0.32,0.29,0.29,0.08,0.5,0.0,0.52,0.22,0
477,0.46,0.55,0.61,0.13,0.5,0.0,0.47,0.22,0
365,0.51,0.43,0.63,0.18,0.5,0.0,0.52,0.22,0
965,0.58,0.64,0.42,0.3,0.5,0.0,0.54,0.22,0
670,0.38,0.26,0.6,0.1,0.5,0.0,0.48,0.44,0
237,0.55,0.56,0.45,0.14,0.5,0.0,0.54,0.22,0
724,0.45,0.66,0.39,0.11,0.5,0.0,0.54,0.22,0
677,0.4,0.28,0.48,0.06,0.5,0.0,0.49,0.42,0
1439,0.41,0.46,0.57,0.25,0.5,0.0,0.57,0.38,0
767,0.46,0.35,0.69,0.18,0.5,0.0,0.3,0.25,0
1173,0.38,0.48,0.57,0.3,0.5,0.0,0.41,0.11,0
1349,0.46,0.62,0.54,0.25,0.5,0.0,0.46,0.22,0
862,0.7,0.78,0.53,0.24,0.5,0.0,0.48,0.22,0
1371,0.35,0.4,0.44,0.25,0.5,0.0,0.53,0.57,0
945,0.19,0.66,0.6,0.14,0.5,0.0,0.2,0.25,0
556,0.44,0.34,0.61,0.13,0.5,0.0,0.49,0.26,0
545,0.33,0.46,0.53,0.29,0.5,0.0,0.5,0.55,0
1045,0.36,0.52,0.61,0.33,0.5,0.0,0.52,0.37,0
59,0.6,0.5,0.44,0.61,0.5,0.0,0.47,0.22,0
662,0.53,0.43,0.57,0.24,0.5,0.0,0.39,0.28,0
1295,0.47,0.54,0.54,0.48,0.5,0.0,0.53,0.26,0
99,0.64,0.62,0.29,0.28,0.5,0.0,0.51,0.22,0
776,0.37,0.44,0.64,0.48,0.5,0.0,0.36,0.27,0
749,0.51,0.39,0.58,0.19,0.5,0.0,0.47,0.22,0
596,0.41,0.48,0.38,0.13,0.5,0.0,0.51,0.35,0
1155,0.52,0.46,0.34,0.2,0.5,0.0,0.51,0.25,0
1208,0.47,0.41,0.66,0.26,0.5,0.0,0.53,0.22,0
991,0.57,0.35,0.5,0.43,0.5,0.0,0.53,0.22,0
83,0.36,0.58,0.35,0.24,0.5,0.0,0.44,0.22,0
717,0.61,0.46,0.54,0.11,0.5,0.0,0.47,0.22,0
248,0.77,0.8,0.51,0.4,1.0,0.0,0.54,0.22,0
1167,0.74,0.75,0.45,0.44,0.5,0.0,0.52,0.22,0
342,0.5,0.45,0.49,0.15,0.5,0.0,0.55,0.43,0
569,0.78,0.65,0.4,0.16,0.5,0.0,0.63,0.22,0
501,0.53,0.52,0.61,0.35,0.5,0.0,0.5,0.22,0
247,0.35,0.6,0.47,0.13,0.5,0.0,0.52,0.43,0
548,0.11,0.41,0.67,0.13,0.5,0.0,0.45,0.29,0
518,0.46,0.44,0.53,0.31,0.5,0.0,0.48,0.22,0
205,0.36,0.68,0.38,0.08,0.5,0.0,0.53,0.25,0
1465,0.64,0.56,0.52,0.17,0.5,0.0,0.54,0.47,0
343,0.33,0.28,0.31,0.24,0.5,0.0,0.53,0.22,0
307,0.74,0.53,0.5,0.08,0.5,0.0,0.55,0.31,0
953,0.4,0.65,0.38,0.17,0.5,0.0,0.57,0.22,0
948,0.7,0.58,0.53,0.39,0.5,0.0,0.59,0.22,0
1325,0.49,0.44,0.51,0.18,0.5,0.0,0.52,0.27,0
956,0.3,0.45,0.55,0.19,0.5,0.0,0.53,0.4,0
337,0.37,0.22,0.64,0.35,0.5,0.0,0.47,0.22,0
1238,0.56,0.52,0.55,0.19,0.5,0.0,0.54,0.22,0
1107,0.4,0.4,0.43,0.19,0.5,0.83,0.48,0.22,0
732,0.6,0.48,0.46,0.32,0.5,0.0,0.4,0.33,0
131,0.4,0.42,0.71,0.21,0.5,0.0,0.54,0.32,0
1340,0.5,0.57,0.62,0.25,0.5,0.0,0.51,0.22,0
18,0.43,0.44,0.48,0.22,0.5,0.0,0.51,0.22,0
1112,0.59,0.48,0.49,0.49,0.5,0.0,0.36,0.32,0
642,0.39,0.49,0.3,0.19,0.5,0.0,0.52,0.31,0
346,0.61,0.54,0.49,0.16,0.5,0.0,0.54,0.42,0
75,0.4,0.45,0.56,0.2,0.5,0.0,0.45,0.22,0
1200,0.58,0.51,0.49,0.27,0.5,0.0,0.57,0.29,0
263,0.42,0.52,0.4,0.17,0.5,0.0,0.5,0.26,0
864,0.56,0.59,0.45,0.15,0.5,0.0,0.54,0.22,0
562,0.9,0.54,0.59,0.2,0.5,0.0,0.48,0.22,0
870,0.42,0.42,0.55,0.31,0.5,0.0,0.43,0.22,0
27,0.53,0.54,0.43,0.1,0.5,0.0,0.57,0.32,0
476,0.66,0.54,0.49,0.16,0.5,0.0,0.54,0.36,0
1211,0.62,0.51,0.52,0.42,0.5,0.0,0.54,0.27,0
613,0.41,0.48,0.54,0.24,0.5,0.0,0.37,0.51,0
1157,0.34,0.24,0.51,0.15,0.5,0.0,0.54,0.4,0
618,0.48,0.46,0.58,0.26,0.5,0.0,0.44,0.22,0
1341,0.38,0.45,0.37,0.19,0.5,0.0,0.52,0.3,0
0,0.58,0.61,0.47,0.13,0.5,0.0,0.48,0.22,0
93,0.45,0.41,0.5,0.46,0.5,0.5,0.5,0.27,0
68,0.51,0.54,0.6,0.57,0.5,0.0,0.58,0.22,0
1397,0.37,0.37,0.51,0.38,0.5,0.0,0.44,0.22,0
1036,0.57,0.36,0.51,0.25,0.5,0.0,0.54,0.25,0
897,0.33,0.46,0.6,0.18,0.5,0.0,0.51,0.26,0
417,0.52,0.48,0.58,0.55,0.5,0.0,0.48,0.22,0
490,0.45,0.38,0.64,0.14,0.5,0.0,0.54,0.22,0
1061,0.47,0.59,0.56,0.09,0.5,0.0,0.5,0.22,0
1086,0.49,0.49,0.4,0.2,0.5,0.0,0.48,0.26,0
630,0.59,0.61,0.51,0.62,0.5,0.0,0.51,0.38,0
1017,0.47,0.46,0.53,0.12,0.5,0.0,0.51,0.25,0
2,0.58,0.44,0.57,0.13,0.5,0.0,0.54,0.22,0
1257,0.45,0.56,0.49,0.17,0.5,0.0,0.52,0.22,0
530,0.58,0.56,0.52,0.25,0.5,0.0,0.57,0.35,0
867,0.7,0.57,0.34,0.19,0.5,0.0,0.53,0.27,0
1088,0.53,0.52,0.49,0.27,0.5,0.0,0.51,0.22,0
758,0.46,0.53,0.47,0.37,0.5,0.0,0.51,0.36,0
686,0.48,0.5,0.56,0.11,0.5,0.0,0.33,0.22,0
392,0.47,0.43,0.35,0.32,0.5,0.0,0.54,0.22,0
1406,0.65,0.66,0.37,0.12,0.5,0.0,0.52,0.27,0
898,0.54,0.6,0.57,0.17,0.5,0.0,0.44,0.22,0
137,0.26,0.5,0.33,0.28,0.5,0.0,0.51,0.22,0
766,0.35,0.33,0.48,0.42,0.5,0.0,0.47,0.43,0
795,0.69,0.54,0.55,0.23,0.5,0.0,0.73,0.22,0
904,0.4,0.39,0.6,0.23,0.5,0.0,0.52,0.31,0
895,0.66,0.43,0.57,0.6,0.5,0.0,0.19,0.33,0
251,0.43,0.51,0.48,0.14,0.5,0.0,0.5,0.22,0
132,0.54,0.49,0.49,0.2,0.5,0.0,0.52,0.22,0
806,0.46,0.39,0.54,0.22,0.5,0.0,0.48,0.25,0
1119,0.47,0.41,0.53,0.27,0.5,0.0,0.47,0.25,0
1099,0.46,0.61,0.55,0.29,0.5,0.0,0.49,0.22,0
79,0.69,0.7,0.52,0.36,0.5,0.0,0.46,0.22,0
385,0.68,0.5,0.43,0.27,0.5,0.0,0.61,0.22,0
177,0.7,0.65,0.54,0.28,0.5,0.0,0.6,0.4,0
1404,0.51,0.51,0.32,0.27,0.5,0.0,0.54,0.22,0
1344,0.95,0.71,0.27,0.39,0.5,0.0,0.31,0.22,0
727,0.57,0.51,0.58,0.22,0.5,0.0,0.51,0.22,0
1016,0.55,0.69,0.51,0.12,0.5,0.0,0.51,0.22,0
434,0.5,0.34,0.62,0.19,0.5,0.0,0.57,0.22,0
119,0.26,0.36,0.47,0.34,0.5,0.0,0.53,0.72,0
1362,0.24,0.41,0.47,0.16,0.5,0.0,0.51,0.38,0
323,0.46,0.57,0.57,0.15,0.5,0.0,0.52,0.26,0
1417,0.37,0.4,0.38,0.18,0.5,0.0,0.51,0.22,0
147,0.49,0.43,0.51,0.13,0.5,0.0,0.47,0.22,0
289,0.54,0.56,0.57,0.18,0.5,0.0,0.45,0.25,0
1432,0.63,0.64,0.49,0.2,0.5,0.0,0.52,0.25,0
21,0.46,0.53,0.52,0.15,0.5,0.0,0.58,0.22,0
1124,0.54,0.54,0.56,0.18,0.5,0.0,0.46,0.29,0
410,0.87,0.83,0.57,0.36,0.5,0.0,0.36,0.22,0
20,0.43,0.53,0.52,0.13,0.5,0.0,0.55,0.22,0
690,0.45,0.53,0.51,0.42,0.5,0.0,0.52,0.22,0
762,0.38,0.38,0.54,0.24,0.5,0.0,0.54,0.22,0
702,0.39,0.44,0.54,0.24,0.5,0.0,0.51,0.49,0
1243,0.57,0.59,0.44,0.16,0.5,0.0,0.52,0.22,0
1044,0.5,0.43,0.56,0.17,0.5,0.0,0.35,0.22,0
980,0.41,0.56,0.53,0.16,0.5,0.0,0.55,0.26,0
640,0.97,0.71,0.29,0.42,0.5,0.0,0.35,0.22,0
1114,0.3,0.68,0.41,0.17,0.5,0.0,0.51,0.22,0
883,0.52,0.65,0.36,0.37,0.5,0.0,0.52,0.34,0
1435,0.58,0.51,0.63,0.2,0.5,0.0,0.5,0.42,0
760,0.57,0.42,0.63,0.22,0.5,0.0,0.68,0.32,0
1301,0.5,0.49,0.59,0.47,0.5,0.0,0.49,0.36,0
162,0.57,0.57,0.44,0.37,0.5,0.0,0.52,0.25,0
1326,0.87,0.47,0.6,0.47,0.5,0.0,0.59,0.22,0
759,0.31,0.6,0.65,0.18,0.5,0.0,0.46,0.22,0
886,0.47,0.56,0.51,0.2,0.5,0.0,0.52,0.59,0
710,0.41,0.52,0.56,0.26,0.5,0.0,0.48,0.32,0
697,0.68,0.53,0.44,0.31,0.5,0.0,0.51,0.22,0
909,0.44,0.43,0.46,0.28,0.5,0.0,0.45,0.29,0
726,0.46,0.41,0.58,0.1,0.5,0.0,0.48,0.22,0
1240,0.29,0.43,0.4,0.15,0.5,0.0,0.53,0.22,0
685,0.36,0.33,0.38,0.15,0.5,0.0,0.55,0.36,0
1046,0.52,0.51,0.48,0.12,0.5,0.0,0.54,0.31,0
1359,0.43,0.46,0.5,0.21,0.5,0.0,0.49,0.34,0
478,0.66,0.66,0.32,0.54,0.5,0.0,0.51,0.22,0
1073,0.63,0.56,0.52,0.21,0.5,0.0,0.5,0.22,0
832,0.54,0.64,0.4,0.56,0.5,0.0,0.51,0.22,0
941,0.44,0.39,0.63,0.11,0.5,0.0,0.49,0.26,0
53,0.6,0.47,0.45,0.22,0.5,0.0,0.51,0.29,0
133,0.42,0.51,0.5,0.12,0.5,0.0,0.52,0.46,0
494,0.58,0.52,0.61,0.33,0.5,0.0,0.38,0.11,0
684,0.45,0.27,0.5,0.33,0.5,0.0,0.53,0.26,0
115,0.47,0.32,0.64,0.3,0.5,0.0,0.63,0.22,0
520,0.61,0.59,0.47,0.49,0.5,0.0,0.54,0.22,0
283,0.59,0.65,0.52,0.3,0.5,0.0,0.46,0.31,0
1337,0.26,0.28,0.6,0.2,0.5,0.0,0.54,0.31,0
533,0.44,0.41,0.29,0.21,0.5,0.0,0.49,0.22,0
43,0.48,0.39,0.51,0.21,0.5,0.0,0.52,0.28,0
195,0.53,0.53,0.6,0.13,0.5,0.0,0.49,0.22,0
134,0.57,0.51,0.53,0.18,0.5,0.0,0.56,0.25,0
11,0.4,0.42,0.57,0.35,0.5,0.0,0.53,0.25,0
1151,0.4,0.43,0.49,0.17,0.5,0.0,0.51,0.36,0
354,0.32,0.34,0.61,0.17,0.5,0.0,0.52,0.32,0
1390,0.66,0.6,0.52,0.19,0.5,0.0,0.69,0.22,0
1202,0.42,0.47,0.52,0.41,0.5,0.0,0.53,0.32,0
1076,0.5,0.4,0.57,0.17,0.5,0.0,0.59,0.22,0
86,0.48,0.23,0.57,0.27,0.5,0.0,0.48,0.47,0
692,0.58,0.53,0.33,0.26,0.5,0.0,0.51,0.22,0
150,0.31,0.55,0.52,0.17,0.5,0.0,0.52,0.22,0
1445,0.48,0.44,0.51,0.24,0.5,0.0,0.49,0.22,0
1372,0.55,0.38,0.64,0.42,0.5,0.0,0.47,0.22,0
511,0.49,0.44,0.45,0.55,0.5,0.0,0.48,0.22,0
612,0.47,0.49,0.6,0.15,0.5,0.0,0.38,0.22,0
414,0.94,0.6,0.33,0.49,0.5,0.0,0.54,0.22,0
978,0.47,0.47,0.5,0.19,0.5,0.0,0.51,0.26,0
266,0.45,0.4,0.56,0.14,0.5,0.0,0.54,0.22,0
936,0.51,0.48,0.51,0.19,0.5,0.0,0.51,0.27,0
1127,0.58,0.44,0.45,0.32,0.5,0.0,0.52,0.37,0
666,0.56,0.59,0.54,0.18,0.5,0.0,0.48,0.46,0
1425,0.32,0.36,0.28,0.38,0.5,0.0,0.5,0.4,0
645,0.27,0.49,0.36,0.26,0.5,0.0,0.49,0.26,0
554,0.33,0.48,0.55,0.16,0.5,0.0,0.53,0.75,0
1058,0.53,0.44,0.54,0.52,0.5,0.0,0.49,0.38,0
276,0.44,0.44,0.49,0.15,0.5,0.0,0.46,0.27,0
1218,0.26,0.44,0.3,0.11,0.5,0.0,0.51,0.47,0
140,0.48,0.61,0.44,0.2,0.5,0.0,0.47,0.22,0
952,0.38,0.51,0.56,0.21,0.5,0.0,0.48,0.31,0
756,0.34,0.47,0.48,0.32,0.5,0.0,0.42,0.22,0
255,0.58,0.6,0.51,0.24,0.5,0.0,0.53,0.22,0
310,0.31,0.45,0.5,0.17,0.5,0.0,0.49,0.22,0
463,0.43,0.83,0.55,0.2,0.5,0.0,0.47,0.4,0
470,0.54,0.52,0.54,0.2,0.5,0.0,0.55,0.25,0
522,0.55,0.53,0.54,0.4,0.5,0.0,0.48,0.22,0
1316,0.51,0.48,0.51,0.43,0.5,0.0,0.49,0.22,0
1429,0.39,0.39,0.65,0.16,0.5,0.0,0.45,0.22,0
70,0.67,0.62,0.4,0.43,0.5,0.83,0.5,0.22,0
1216,0.39,0.55,0.48,0.31,0.5,0.0,0.54,0.29,0
340,0.53,0.53,0.53,0.17,0.5,0.0,0.49,0.37,0
680,0.28,0.51,0.55,0.19,0.5,0.0,0.57,0.22,0
104,0.4,0.38,0.53,0.16,0.5,0.0,0.52,0.27,0
1348,0.51,0.48,0.46,0.29,0.5,0.0,0.54,0.22,0
746,0.61,0.38,0.57,0.36,0.5,0.0,0.44,0.21,0
1379,0.48,0.45,0.63,0.19,0.5,0.0,0.58,0.22,0
63,0.63,0.53,0.54,0.4,0.5,0.0,0.5,0.22,0
1297,0.58,0.49,0.5,0.41,0.5,0.0,0.57,0.22,0
96,0.59,0.67,0.56,0.41,0.5,0.0,0.47,0.22,0
847,0.54,0.51,0.56,0.15,0.5,0.0,0.54,0.31,0
105,0.53,0.51,0.55,0.05,0.5,0.0,0.45,0.25,0
142,0.21,0.41,0.55,0.11,0.5,0.0,0.5,0.27,0
900,0.55,0.57,0.51,0.07,0.5,0.0,0.55,0.22,0
988,0.39,0.47,0.49,0.2,0.5,0.0,0.53,0.26,0
1420,0.52,0.45,0.45,0.13,0.5,0.0,0.48,0.22,0
180,0.56,0.41,0.58,0.21,0.5,0.0,0.42,0.22,0
336,0.53,0.68,0.34,0.42,0.5,0.0,0.54,0.27,0
399,0.53,0.5,0.54,0.56,0.5,0.0,0.49,0.41,0
964,0.33,0.37,0.49,0.22,0.5,0.0,0.55,0.22,0
1187,0.65,0.54,0.54,0.13,0.5,0.0,0.53,0.22,0
260,0.35,0.36,0.57,0.17,0.5,0.0,0.52,0.22,0
436,0.39,0.37,0.56,0.15,0.5,0.0,0.5,0.27,0
823,0.51,0.4,0.5,0.28,0.5,0.0,0.48,0.27,0
1368,0.41,0.41,0.43,0.61,0.5,0.0,0.53,0.22,0
903,0.46,0.41,0.45,0.23,0.5,0.0,0.48,0.22,0
1191,0.72,0.61,0.45,0.3,0.5,0.0,0.54,0.25,0
1206,0.45,0.51,0.5,0.16,0.5,0.0,0.52,1.0,0
600,0.51,0.46,0.49,0.21,0.5,0.0,0.55,0.22,0
1120,0.39,0.56,0.34,0.18,0.5,0.0,0.49,0.22,0
633,0.77,0.78,0.51,0.28,0.5,0.0,0.33,0.22,0
1408,0.48,0.51,0.5,0.24,0.5,0.0,0.54,0.38,0
553,0.43,0.28,0.53,0.34,0.5,0.0,0.55,0.57,0
659,0.63,0.55,0.53,0.51,0.5,0.0,0.55,0.22,0
314,0.58,0.48,0.56,0.12,0.5,0.0,0.46,0.25,0
16,0.61,0.6,0.55,0.21,0.5,0.0,0.5,0.25,0
1393,0.46,0.39,0.54,0.22,0.5,0.0,0.48,0.25,0
245,0.73,0.55,0.41,0.16,0.5,0.0,0.46,0.22,0
1355,0.59,0.46,0.48,0.46,0.5,0.0,0.49,0.22,0
297,0.49,0.31,0.34,0.13,0.5,0.0,0.52,0.22,0
1392,0.32,0.44,0.54,0.21,0.5,0.0,0.4,0.19,0
1056,0.34,0.42,0.48,0.19,0.5,0.0,0.46,0.31,0
1186,0.43,0.4,0.6,0.16,0.5,0.0,0.53,0.39,0
581,0.5,0.5,0.54,0.16,0.5,0.0,0.49,0.22,0
930,0.55,0.46,0.47,0.15,0.5,0.0,0.47,0.22,0
188,0.82,0.78,0.49,0.23,0.5,0.0,0.46,0.22,0
1327,0.75,0.67,0.51,0.29,0.5,0.0,0.52,0.36,0
1020,0.41,0.42,0.53,0.17,0.5,0.0,0.48,0.58,0
465,0.46,0.42,0.6,0.21,0.5,0.0,0.4,0.22,0
401,0.48,0.43,0.45,0.17,0.5,0.0,0.48,0.37,0
122,0.44,0.39,0.53,0.14,0.5,0.0,0.54,0.44,0
130,0.71,0.59,0.48,0.43,0.5,0.0,0.59,0.22,0
891,0.27,0.41,0.24,0.2,0.5,0.0,0.49,0.22,0
876,0.37,0.47,0.49,0.12,0.5,0.0,0.47,0.31,0
168,0.49,0.6,0.43,0.56,0.5,0.0,0.36,0.22,0
1166,0.41,0.45,0.46,0.23,0.5,0.0,0.5,0.7,0
715,0.59,0.47,0.51,0.53,0.5,0.0,0.53,0.26,0
803,0.52,0.43,0.61,0.22,0.5,0.0,0.45,0.22,0
1280,0.46,0.41,0.5,0.44,0.5,0.0,0.53,0.22,0
301,0.48,0.39,0.49,0.18,0.5,0.0,0.51,0.22,0
1148,0.49,0.55,0.35,0.23,0.5,0.0,0.57,0.22,0
971,0.41,0.35,0.6,0.22,0.5,0.0,0.56,0.79,0
1353,0.62,0.41,0.52,0.17,0.5,0.0,0.48,0.22,0
320,0.47,0.49,0.63,0.17,0.5,0.0,0.31,0.26,0
1251,0.55,0.66,0.57,0.32,0.5,0.0,0.57,0.34,0
875,0.56,0.55,0.57,0.15,0.5,0.0,0.54,0.25,0
481,0.4,0.68,0.5,0.82,0.5,0.0,0.44,0.36,0
531,0.51,0.65,0.53,0.19,0.5,0.0,0.49,0.22,0
808,0.46,0.54,0.59,0.41,0.5,0.0,0.53,0.21,0
1180,0.48,0.61,0.57,0.17,0.5,0.0,0.45,0.22,0
1199,0.48,0.43,0.51,0.32,0.5,0.0,0.52,0.43,0
496,0.57,0.58,0.58,0.35,0.5,0.0,0.49,0.22,0
1419,0.27,0.46,0.52,0.17,0.5,0.0,0.49,0.44,0
1386,0.44,0.36,0.64,0.45,0.5,0.0,0.53,0.11,0
290,0.17,0.38,0.45,0.09,0.5,0.0,0.54,0.27,0
398,0.54,0.51,0.54,0.52,0.5,0.0,0.47,0.25,0
814,0.5,0.5,0.62,0.23,0.5,0.0,0.35,0.11,0
101,0.67,0.62,0.54,0.43,0.5,0.0,0.53,0.22,0
1204,0.46,0.38,0.47,0.22,0.5,0.0,0.52,0.27,0
1324,0.47,0.5,0.55,0.19,0.5,0.0,0.62,0.22,0
193,0.53,0.44,0.51,0.33,0.5,0.0,0.52,0.22,0
395,0.85,0.56,0.33,0.38,1.0,0.0,0.55,0.25,0
360,0.43,0.45,0.37,0.12,0.5,0.0,0.48,0.22,0
189,0.82,0.75,0.54,0.23,0.5,0.0,0.46,0.22,0
566,0.69,0.62,0.49,0.0,1.0,0.0,0.47,0.22,0
1223,0.32,0.57,0.5,0.15,0.5,0.0,0.53,0.22,0
158,0.52,0.56,0.54,0.53,0.5,0.0,0.45,0.22,0
1467,0.26,0.3,0.37,0.15,0.5,0.0,0.53,0.25,0
109,0.6,0.5,0.57,0.25,0.5,0.0,0.41,0.26,0
94,0.44,0.52,0.41,0.23,0.5,0.0,0.51,0.22,0
240,0.36,0.46,0.43,0.19,0.5,0.0,0.48,0.22,0
1352,0.56,0.48,0.5,0.17,0.5,0.0,0.51,0.26,0
1382,0.44,0.5,0.55,0.24,0.5,0.0,0.48,0.22,0
1394,0.46,0.54,0.59,0.41,0.5,0.0,0.53,0.21,0
1232,0.41,0.45,0.53,0.17,0.5,0.0,0.51,0.25,0
643,0.38,0.48,0.51,0.13,0.5,0.0,0.5,0.32,0
54,0.34,0.46,0.57,0.09,0.5,0.0,0.55,0.22,0
252,0.63,0.62,0.42,0.12,0.5,0.0,0.52,0.25,0
60,0.45,0.55,0.54,0.66,0.5,0.0,0.47,0.22,0
5,0.5,0.54,0.48,0.65,0.5,0.0,0.53,0.22,0
739,0.47,0.45,0.51,0.33,0.5,0.0,0.46,0.26,0
153,0.37,0.42,0.51,0.11,0.5,0.0,0.57,0.22,0
1143,0.2,0.6,0.5,0.29,0.5,0.0,0.51,0.22,0
1041,0.52,0.5,0.6,0.2,0.5,0.0,0.52,0.22,0
352,0.44,0.53,0.52,0.37,0.5,0.0,0.5,0.22,0
839,0.38,0.4,0.53,0.12,0.5,0.0,0.55,0.22,0
216,0.47,0.65,0.54,0.62,0.5,0.0,0.53,0.36,0
675,0.33,0.21,0.53,0.15,1.0,0.0,0.52,0.5,0
403,0.57,0.49,0.48,0.16,0.5,0.0,0.51,0.22,0
879,0.47,0.55,0.57,0.17,0.5,0.0,0.52,0.66,0
1391,0.47,0.56,0.46,0.5,0.5,0.0,0.51,0.22,0
341,0.29,0.68,0.47,0.26,0.5,0.0,0.47,0.37,0
504,0.38,0.54,0.54,0.41,0.5,0.0,0.51,0.22,0
621,0.38,0.62,0.52,0.14,0.5,0.0,0.53,0.22,0
80,0.61,0.72,0.39,0.33,0.5,0.0,0.58,0.22,0
582,0.47,0.43,0.59,0.27,0.5,0.0,0.55,0.22,0
428,0.5,0.45,0.48,0.17,0.5,0.0,0.5,0.26,0
333,0.61,0.57,0.45,0.21,0.5,0.0,0.5,0.42,0
204,0.39,0.28,0.46,0.12,0.5,0.0,0.41,0.22,0
186,0.31,0.46,0.54,0.52,0.5,0.0,0.5,0.34,0
199,0.27,0.39,0.66,0.11,0.5,0.0,0.44,0.22,0
175,0.77,0.79,0.58,0.23,0.5,0.0,0.48,0.22,0
665,0.77,0.57,0.45,0.17,0.5,0.0,0.53,0.22,0
1285,0.86,0.92,0.5,0.37,1.0,0.0,0.53,0.32,0
1040,0.79,0.62,0.35,0.35,0.5,0.0,0.6,0.28,0
1252,0.56,0.59,0.53,0.16,0.5,0.0,0.24,0.42,0
1198,0.43,0.35,0.52,0.52,0.5,0.0,0.54,0.22,0
1266,0.48,0.46,0.38,0.29,0.5,0.0,0.53,0.22,0
1321,0.36,0.39,0.55,0.26,0.5,0.0,0.49,0.22,0
1192,0.79,0.57,0.41,0.28,0.5,0.0,0.59,0.22,0
1066,0.73,0.59,0.35,0.15,0.5,0.0,0.54,0.22,0
64,0.5,0.54,0.53,0.54,0.5,0.0,0.51,0.27,0
1483,0.81,0.62,0.43,0.17,0.5,0.0,0.53,0.22,0
572,0.58,0.51,0.56,0.16,0.5,0.0,0.34,0.22,0
693,0.61,0.55,0.51,0.26,0.5,0.0,0.52,0.22,0
1377,0.56,0.49,0.54,0.15,0.5,0.0,0.5,0.35,0
51,0.41,0.46,0.59,0.19,0.5,0.0,0.58,0.27,0
540,0.59,0.58,0.39,0.52,0.5,0.0,0.5,0.31,0
304,0.49,0.42,0.54,0.17,0.5,0.0,0.5,0.36,0
811,0.38,0.5,0.52,0.44,0.5,0.0,0.54,0.11,0
1001,0.54,0.67,0.56,0.15,0.5,0.0,0.57,0.33,0
1249,0.47,0.47,0.58,0.16,0.5,0.0,0.49,0.28,0
734,0.45,0.43,0.5,0.25,0.5,0.0,0.47,0.22,0
330,0.39,0.39,0.55,0.52,0.5,0.0,0.37,0.16,0
840,0.55,0.55,0.52,0.13,0.5,0.0,0.53,0.25,0
207,0.35,0.4,0.59,0.22,0.5,0.0,0.47,0.37,0
370,0.57,0.61,0.55,0.67,0.5,0.0,0.48,0.22,0
1413,0.4,0.43,0.36,0.33,0.5,0.0,0.51,0.22,0
1122,0.32,0.45,0.39,0.14,0.5,0.0,0.45,0.22,0
528,0.53,0.41,0.5,0.24,1.0,0.0,0.47,0.22,0
828,0.39,1.0,0.38,0.41,0.5,0.0,0.5,0.27,0
908,0.57,0.55,0.51,0.18,0.5,0.0,0.51,0.43,0
1154,0.51,0.59,0.46,0.13,0.5,0.0,0.48,0.22,0
922,0.49,0.48,0.51,0.21,0.5,0.0,0.53,0.22,0
1140,0.38,0.67,0.33,0.17,0.5,0.0,0.51,0.22,0
181,0.58,0.56,0.45,0.12,0.5,0.0,0.51,0.22,0
1460,0.65,0.58,0.53,0.21,0.5,0.0,0.51,0.22,0
996,0.63,0.43,0.48,0.11,0.5,0.0,0.51,0.22,0
78,0.38,0.5,0.37,0.26,0.5,0.0,0.43,0.22,0
472,0.43,0.39,0.59,0.13,0.5,0.0,0.41,0.43,0
338,0.51,0.48,0.58,0.22,0.5,0.0,0.5,0.28,0
588,0.49,0.52,0.53,0.7,0.5,0.0,0.51,0.22,0
313,0.58,0.48,0.56,0.1,0.5,0.0,0.46,0.25,0
396,0.34,0.31,0.6,0.37,0.5,0.0,0.5,0.3,0
1068,0.48,0.58,0.58,0.12,0.5,0.0,0.49,0.22,0
923,0.49,0.6,0.42,0.18,0.5,0.0,0.58,0.28,0
571,0.41,0.49,0.58,0.22,0.5,0.0,0.52,0.22,0
102,0.59,0.6,0.49,0.43,0.5,0.0,0.53,0.31,0
1405,0.54,0.44,0.35,0.19,0.5,0.0,0.51,0.27,0
141,0.66,0.45,0.5,0.23,0.5,0.0,0.49,0.22,0
848,0.46,0.38,0.51,0.2,0.5,0.0,0.51,0.22,0
495,0.57,0.61,0.55,0.27,0.5,0.0,0.44,0.21,0
174,0.52,0.4,0.6,0.12,0.5,0.0,0.55,0.22,0
821,0.41,0.46,0.58,0.08,0.5,0.0,0.51,0.28,0
1022,0.49,0.5,0.42,0.43,0.5,0.0,0.5,0.36,0
543,0.53,0.61,0.51,0.49,0.5,0.0,0.54,0.27,0
1424,0.62,0.33,0.49,0.24,0.5,0.0,0.51,0.42,0
125,0.36,0.68,0.46,0.16,0.5,0.0,0.53,0.28,0
812,0.51,0.52,0.58,0.17,0.5,0.0,0.47,0.28,0
1273,0.43,0.44,0.3,0.18,0.5,0.0,0.51,0.22,0
1472,0.67,0.61,0.39,0.24,0.5,0.0,0.51,0.22,0
623,0.44,0.42,0.57,0.22,0.5,0.0,0.5,0.25,0
683,0.81,0.55,0.35,0.34,0.5,0.0,0.51,0.22,0
1456,0.55,0.44,0.5,0.09,0.5,0.0,0.55,0.22,0
126,0.42,0.31,0.5,0.15,0.5,0.0,0.53,0.22,0
77,0.49,0.61,0.49,0.25,0.5,0.0,0.5,0.28,0
469,0.66,0.52,0.52,0.44,0.5,0.0,0.56,0.27,0
159,0.58,0.58,0.58,0.49,0.5,0.0,0.49,0.26,0
322,0.21,0.38,0.49,0.16,0.5,0.0,0.51,0.45,0
1338,0.59,0.45,0.58,0.21,0.5,0.0,0.49,0.22,0
624,0.74,0.74,0.51,0.27,0.5,0.0,0.5,0.22,0
319,0.6,0.48,0.44,0.52,0.5,0.0,0.54,0.63,0
1072,0.65,0.63,0.47,0.22,0.5,0.0,0.52,0.27,0
489,0.6,0.51,0.6,0.38,0.5,0.83,0.52,0.24,0
704,0.47,0.43,0.48,0.16,0.5,0.0,0.46,0.27,0
1263,0.57,0.59,0.5,0.58,0.5,0.0,0.53,0.22,0
973,0.41,0.49,0.55,0.13,0.5,0.0,0.55,0.22,0
1085,0.88,0.75,0.41,0.36,0.5,0.0,0.43,0.22,0
384,0.5,0.46,0.42,0.32,0.5,0.0,0.56,0.55,0
549,0.4,0.53,0.44,0.18,0.5,0.0,0.54,0.31,0
1233,0.46,0.54,0.71,0.15,0.5,0.0,0.59,0.22,0
817,0.37,0.3,0.62,0.43,0.5,0.0,0.44,0.39,0
277,0.49,0.46,0.34,0.21,0.5,0.0,0.55,0.22,0
441,0.72,0.58,0.42,0.28,0.5,0.0,0.48,0.22,0
1034,0.49,0.38,0.49,0.15,0.5,0.0,0.53,0.25,0
526,0.39,0.35,0.49,0.17,0.5,0.0,0.49,0.22,0
293,0.91,0.69,0.57,0.45,0.5,0.0,0.56,0.22,0
542,0.48,0.62,0.52,0.3,0.5,0.0,0.51,0.37,0
1332,0.55,0.59,0.52,0.1,0.5,0.0,0.53,0.22,0
3,0.42,0.44,0.48,0.54,0.5,0.0,0.48,0.22,0
565,0.25,0.36,0.58,0.3,0.5,0.0,0.58,0.31,0
69,0.54,0.52,0.63,0.37,0.5,0.0,0.46,0.22,0
84,0.36,0.43,0.39,0.12,0.5,0.0,0.49,0.22,0
893,0.39,0.45,0.51,0.29,0.5,0.0,0.54,0.22,0
541,0.47,0.59,0.37,0.31,0.5,0.0,0.51,0.36,0
958,0.44,0.4,0.53,0.19,0.5,0.0,0.48,0.27,0
427,0.46,0.14,0.36,0.21,0.5,0.0,0.5,0.25,0
238,0.63,0.61,0.41,0.22,0.5,0.0,0.51,0.22,0
985,0.5,0.49,0.46,0.22,0.5,0.0,0.53,0.25,0
880,0.37,0.55,0.52,0.13,0.5,0.0,0.42,0.8,0
744,0.45,0.5,0.57,0.29,0.5,0.0,0.44,0.11,0
44,0.45,0.46,0.55,0.43,0.5,0.0,0.55,0.38,0
1158,0.35,0.29,0.46,0.14,0.5,0.0,0.54,0.66,0
107,0.5,0.64,0.57,0.15,0.5,0.0,0.47,0.22,0
627,0.4,0.37,0.54,0.13,0.5,0.0,0.48,0.22,0
1307,0.57,0.4,0.62,0.3,0.5,0.0,0.48,0.11,0
1468,0.25,0.41,0.47,0.14,0.5,0.0,0.56,0.68,0
1227,0.5,0.41,0.44,0.5,0.5,0.0,0.42,0.22,0
282,0.42,0.39,0.47,0.13,0.5,0.0,0.5,0.27,0
1195,0.41,0.53,0.45,0.14,0.5,0.0,0.52,0.66,0
521,0.63,0.47,0.56,0.12,0.5,0.0,0.5,0.22,0
114,0.29,0.32,0.58,0.15,0.5,0.0,0.5,0.3,0
757,0.5,0.56,0.63,0.25,0.5,0.0,0.42,0.22,0
1250,0.37,0.43,0.62,0.27,0.5,0.0,0.48,0.22,0
935,0.53,0.48,0.51,0.18,0.5,0.0,0.52,0.27,0
583,0.68,0.59,0.44,0.49,0.5,0.0,0.4,0.26,0
438,0.39,0.37,0.33,0.23,0.5,0.0,0.52,0.26,0
1270,0.38,0.46,0.52,0.75,0.5,0.0,0.5,0.26,0
595,0.33,0.38,0.45,0.19,0.5,0.0,0.54,0.37,0
833,0.47,0.58,0.47,0.52,0.5,0.0,0.54,0.22,0
152,0.59,0.5,0.52,0.28,0.5,0.0,0.55,0.25,0
907,0.5,0.45,0.51,0.19,0.5,0.0,0.53,0.25,0
1222,0.48,0.64,0.61,0.23,0.5,0.0,0.6,0.22,0
917,0.48,0.65,0.36,0.24,0.5,0.0,0.54,0.31,0
781,0.43,0.33,0.67,0.12,0.5,0.0,0.45,0.23,0
691,0.29,0.4,0.41,0.48,0.5,0.0,0.53,0.3,0
854,0.47,0.52,0.54,0.25,0.5,0.0,0.54,0.29,0
285,0.37,0.33,0.5,0.12,0.5,0.0,0.51,0.54,0
353,0.44,0.53,0.52,0.37,0.5,0.0,0.5,0.22,0
788,0.34,0.34,0.65,0.4,0.5,0.0,0.32,0.16,0
789,0.43,0.22,0.79,0.79,0.5,0.0,0.22,0.0,0
950,0.46,0.41,0.43,0.18,0.5,0.0,0.54,0.22,0
550,0.35,0.5,0.44,0.27,0.5,0.0,0.51,0.22,0
387,0.32,0.36,0.34,0.19,0.5,0.0,0.55,0.26,0
480,0.58,0.46,0.46,0.34,0.5,0.0,0.5,0.43,0
464,0.29,0.46,0.54,0.27,0.5,0.0,0.49,0.22,0
652,0.5,0.45,0.53,0.21,0.5,0.0,0.28,0.22,0
901,0.54,0.47,0.58,0.4,0.5,0.0,0.46,0.27,0
961,0.55,0.41,0.67,0.61,0.5,0.0,0.49,0.14,0
1291,0.48,0.48,0.5,0.47,0.5,0.0,0.55,0.22,0
959,0.45,0.57,0.52,0.21,0.5,0.0,0.54,0.38,0
564,0.7,0.51,0.47,0.24,0.5,0.0,0.53,0.25,0
515,0.53,0.4,0.57,0.12,0.5,0.0,0.53,0.32,0
209,0.23,0.2,0.53,0.2,0.5,0.0,0.44,0.22,0
90,0.3,0.56,0.55,0.18,0.5,0.0,0.5,0.22,0
712,0.49,0.49,0.51,0.29,0.5,0.0,0.52,0.71,0
709,0.64,0.5,0.53,0.1,0.5,0.0,0.51,0.22,0
222,0.46,0.43,0.49,0.79,0.5,0.0,0.49,0.63,0
1383,0.44,0.56,0.52,0.18,0.5,0.0,0.5,0.11,0
1142,0.5,0.63,0.45,0.13,0.5,0.0,0.45,0.32,0
861,0.54,0.59,0.57,0.34,0.5,0.0,0.49,0.22,0
257,0.33,0.44,0.49,0.08,0.5,0.0,0.48,0.49,0
1287,0.58,0.76,0.4,0.37,0.5,0.0,0.54,0.3,0
498,0.56,0.5,0.61,0.49,0.5,0.0,0.46,0.28,0
275,0.44,0.51,0.37,0.15,0.5,0.0,0.51,0.22,0
672,0.52,0.37,0.48,0.13,0.5,0.0,0.55,0.22,0
579,0.69,0.39,0.52,0.12,0.5,0.0,0.38,0.35,0
306,0.2,0.34,0.33,0.1,0.5,0.0,0.48,0.31,0
1296,0.5,0.49,0.52,0.2,0.5,0.0,0.43,0.52,0
331,0.39,0.39,0.55,0.52,0.5,0.0,0.37,0.16,0
714,0.51,0.61,0.5,0.23,0.5,0.0,0.52,0.61,0
721,0.44,0.33,0.55,0.16,0.5,0.0,0.49,0.22,0
405,0.43,0.32,0.56,0.27,0.5,0.0,0.47,0.27,0
190,0.41,0.51,0.58,0.15,0.5,0.0,0.45,0.27,0
723,0.57,0.55,0.52,0.16,0.5,0.0,0.49,0.39,0
1004,0.33,0.17,0.52,0.13,0.5,0.0,0.51,0.75,0
720,0.49,0.67,0.5,0.28,0.5,0.0,0.43,0.22,0
1402,0.56,0.49,0.32,0.22,0.5,0.0,0.5,0.22,0
741,0.43,0.44,0.64,0.19,0.5,0.0,0.38,0.33,0
1205,0.3,0.32,0.57,0.19,0.5,0.0,0.48,0.55,0
1401,0.56,0.65,0.49,0.56,0.5,0.0,0.49,0.22,0
1451,0.46,0.47,0.62,0.3,0.5,0.0,0.38,0.22,0
969,0.58,0.37,0.58,0.16,0.5,0.0,0.51,0.22,0
1054,0.49,0.36,0.47,0.28,0.5,0.0,0.56,0.54,0
458,0.55,0.49,0.45,0.18,0.5,0.0,0.49,0.22,0
46,0.64,0.59,0.56,0.23,0.5,0.0,0.46,0.22,0
1448,0.59,0.46,0.55,0.17,0.5,0.0,0.52,0.25,0
735,0.47,0.53,0.48,0.51,0.5,0.0,0.54,0.22,0
993,0.49,0.51,0.52,0.13,0.5,0.0,0.51,0.33,0
1021,0.45,0.36,0.5,0.19,0.5,0.0,0.53,0.7,0
1219,0.38,0.68,0.44,0.45,0.5,0.0,0.53,0.22,0
505,0.61,0.46,0.51,0.37,0.5,0.0,0.51,0.22,0
459,0.4,0.53,0.61,0.21,0.5,0.0,0.48,0.33,0
1428,0.58,0.43,0.32,0.11,0.5,0.0,0.49,0.22,0
143,0.31,0.31,0.56,0.33,0.5,0.0,0.52,0.33,0
451,0.72,0.56,0.4,0.26,0.5,0.0,0.51,0.26,0
1177,0.51,0.45,0.62,0.25,0.5,0.0,0.59,0.22,0
1141,0.39,0.33,0.33,0.23,0.5,0.0,0.47,0.22,0
1378,0.57,0.49,0.61,0.26,0.5,0.0,0.52,0.22,0
1053,0.42,0.46,0.44,0.17,0.5,0.0,0.51,0.42,0
327,0.46,0.45,0.56,0.16,0.5,0.0,0.56,0.22,0
1272,0.34,0.4,0.3,0.23,0.5,0.0,0.51,0.22,0
651,0.56,0.5,0.56,0.26,0.5,0.0,0.53,0.27,0
940,0.6,0.46,0.51,0.1,0.5,0.0,0.48,0.31,0
615,0.48,0.42,0.48,0.19,0.5,0.0,0.58,0.22,0
570,0.52,0.64,0.34,0.16,0.5,0.0,0.57,0.22,0
635,0.47,0.61,0.5,0.23,0.5,0.0,0.49,0.22,0
1260,0.58,0.45,0.48,0.24,0.5,0.0,0.52,0.37,0
1229,0.47,0.46,0.59,0.49,0.5,0.0,0.56,0.22,0
1162,0.57,0.59,0.49,0.86,0.5,0.0,0.47,0.22,0
1185,0.67,0.57,0.36,0.19,0.5,0.0,0.56,0.22,0
537,0.6,0.51,0.52,0.45,0.5,0.0,0.5,0.27,0
508,0.4,0.74,0.49,0.16,0.5,0.0,0.51,0.22,0
1281,0.59,0.53,0.47,0.26,0.5,0.0,0.53,0.31,0
722,0.44,0.45,0.53,0.19,0.5,0.0,0.41,0.28,0
76,0.33,0.43,0.64,0.16,0.5,0.0,0.52,0.52,0
1299,0.47,0.6,0.35,0.21,0.5,0.0,0.52,0.22,0
74,0.5,0.52,0.59,0.3,0.5,0.0,0.51,0.35,0
639,0.55,0.51,0.54,0.2,0.5,0.0,0.56,0.22,0
1474,0.29,0.26,0.43,0.17,0.5,0.0,0.55,0.3,0
999,0.55,0.79,0.45,0.25,0.5,0.0,0.51,0.22,0
1026,0.42,0.37,0.54,0.17,0.5,0.0,0.51,0.22,0
103,0.58,0.62,0.54,0.17,0.5,0.0,0.48,0.22,0
995,0.63,0.43,0.48,0.11,0.5,0.0,0.51,0.22,0
529,0.43,0.4,0.5,0.18,0.5,0.0,0.5,0.28,0
8,0.4,0.39,0.6,0.15,0.5,0.0,0.58,0.3,0
1188,0.64,0.62,0.49,0.15,0.5,0.0,0.53,0.22,0
872,0.42,0.28,0.49,0.22,0.5,0.0,0.55,0.34,0
460,0.57,0.44,0.42,0.2,0.5,0.0,0.54,0.22,0
422,0.36,0.34,0.46,0.19,0.5,0.0,0.52,0.22,0
885,0.64,0.31,0.53,0.15,0.5,0.0,0.53,0.31,0
577,0.49,0.27,0.57,0.18,0.5,0.83,0.54,0.22,0
482,0.59,0.57,0.43,0.26,0.5,0.0,0.51,0.22,0
586,0.53,0.51,0.36,0.13,0.5,0.0,0.52,0.22,0
1385,0.72,0.37,0.63,0.38,0.5,0.0,0.4,0.14,0
604,0.67,0.46,0.58,0.3,0.5,0.0,0.57,0.27,0
737,0.56,0.51,0.32,0.49,0.5,0.0,0.48,0.22,0
688,0.48,0.48,0.56,0.18,0.5,0.0,0.58,0.22,0
157,0.63,0.56,0.45,0.58,0.5,0.0,0.51,0.22,0
1342,0.74,0.71,0.52,0.3,0.5,0.0,0.27,0.22,0
418,0.42,0.32,0.48,0.16,0.5,0.0,0.55,0.22,0
345,0.43,0.39,0.51,0.28,0.5,0.0,0.4,0.22,0
1363,0.52,0.5,0.51,0.2,0.5,0.0,0.51,0.22,0
703,0.43,0.48,0.53,0.18,0.5,0.0,0.46,0.22,0
648,0.37,0.48,0.5,0.26,0.5,0.0,0.52,0.39,0
228,0.35,0.39,0.57,0.11,0.5,0.0,0.48,0.22,0
925,0.55,0.47,0.53,0.2,0.5,0.0,0.4,0.22,0
637,0.49,0.6,0.3,0.34,0.5,0.0,0.5,0.43,0
844,0.46,0.47,0.44,0.18,1.0,0.0,0.46,0.22,0
894,0.43,0.47,0.47,0.18,0.5,0.0,0.47,0.22,0
1070,0.57,0.54,0.32,0.15,0.5,0.0,0.52,0.25,0
815,0.41,0.49,0.65,0.28,0.5,0.0,0.59,0.57,0
831,0.53,0.51,0.55,0.57,0.5,0.0,0.46,0.22,0
1387,0.35,0.21,1.0,0.8,0.5,0.0,0.13,0.01,0
492,0.53,0.42,0.58,0.29,0.5,0.0,0.5,0.22,0
535,0.42,0.28,0.57,0.18,0.5,0.0,0.42,0.22,0
966,0.74,0.82,0.46,0.24,0.5,0.0,0.5,0.31,0
819,0.6,0.57,0.52,0.14,0.5,0.0,0.46,0.48,0
668,0.48,0.41,0.54,0.39,0.5,0.0,0.51,0.22,0
568,0.43,0.38,0.38,0.12,0.5,0.0,0.5,0.22,0
437,0.33,0.37,0.54,0.28,0.5,0.0,0.53,0.27,0
1164,0.47,0.38,0.58,0.19,0.5,0.0,0.57,0.22,0
9,0.43,0.39,0.54,0.21,0.5,0.0,0.53,0.27,0
859,0.3,0.33,0.55,0.12,0.5,0.0,0.53,0.38,0
1160,0.41,0.25,0.59,0.44,0.5,0.0,0.6,0.69,0
1481,0.46,0.62,0.46,0.54,0.5,0.0,0.51,0.27,0
425,0.44,0.41,0.44,0.13,0.5,0.0,0.49,0.42,0
296,0.64,0.53,0.45,0.13,0.5,0.0,0.53,0.22,0
1125,0.71,0.64,0.42,0.28,0.5,0.0,0.43,0.22,0
517,0.63,0.6,0.5,0.27,0.5,0.0,0.55,0.22,0
575,0.31,0.42,0.48,0.17,0.5,0.0,0.49,0.53,0
163,0.42,0.31,0.62,0.12,0.5,0.0,0.4,0.22,0
785,0.4,0.45,0.61,0.29,0.5,0.0,0.44,0.22,0
1256,0.32,0.38,0.52,0.2,0.5,0.0,0.52,0.28,0
298,0.52,0.51,0.51,0.12,0.5,0.0,0.51,0.4,0
284,0.41,0.52,0.41,0.11,0.5,0.0,0.54,0.35,0
350,0.45,0.56,0.51,0.64,0.5,0.0,0.54,0.22,0
1328,0.64,0.76,0.51,0.18,0.5,0.0,0.46,0.22,0
1454,0.54,0.35,0.55,0.19,0.5,0.0,0.3,0.22,0
110,0.35,0.58,0.54,0.16,0.5,0.0,0.51,0.22,0
32,0.74,0.67,0.47,0.34,0.5,0.0,0.42,0.22,0
733,0.64,0.44,0.51,0.35,0.5,0.0,0.53,0.22,0
558,0.29,0.34,0.55,0.24,0.5,0.0,0.51,0.22,0
1343,0.27,0.56,0.3,0.14,0.5,0.0,0.52,0.39,0
920,0.49,0.6,0.54,0.35,0.5,0.0,0.53,0.46,0
1179,0.6,0.61,0.54,0.11,0.5,0.0,0.46,0.22,0
1320,0.49,0.6,0.55,0.17,0.5,0.0,0.44,0.22,0
654,0.66,0.55,0.34,0.2,0.5,0.0,0.62,0.22,0
1434,0.5,0.45,0.52,0.18,0.5,0.0,0.52,0.22,0
49,0.45,0.58,0.48,0.67,0.5,0.0,0.52,0.22,0
1271,0.34,0.34,0.61,0.18,0.5,0.0,0.52,0.32,0
1230,0.78,0.74,0.58,0.25,1.0,0.0,0.53,0.22,0
358,0.3,0.5,0.34,0.26,0.5,0.0,0.51,0.22,0
708,0.31,0.39,0.55,0.28,0.5,0.0,0.46,0.31,0
769,0.57,0.43,0.52,0.3,0.5,0.0,0.37,0.11,0
273,0.48,0.35,0.42,0.21,0.5,0.0,0.57,0.22,0
244,0.53,0.68,0.42,0.19,0.5,0.0,0.53,0.22,0
598,0.45,0.58,0.59,0.44,0.5,0.0,0.56,0.22,0
288,0.27,0.51,0.47,0.35,0.5,0.0,0.49,0.28,0
112,0.39,0.58,0.5,0.26,0.5,0.0,0.54,0.59,0
513,0.5,0.56,0.49,0.61,0.5,0.0,0.5,0.22,0
1236,0.56,0.43,0.54,0.16,0.5,0.0,0.5,0.22,0
752,0.34,0.48,0.47,0.19,0.5,0.0,0.5,0.3,0
321,0.28,0.51,0.55,0.11,0.5,0.0,0.46,0.22,0
1081,0.4,0.45,0.45,0.15,0.5,0.0,0.53,0.48,0
1286,0.43,0.45,0.54,0.14,0.5,0.0,0.5,0.31,0
1452,0.27,0.43,0.5,0.13,0.5,0.0,0.54,0.31,0
413,0.76,0.74,0.56,0.34,0.5,0.0,0.51,0.3,0
135,0.35,0.45,0.43,0.11,0.5,0.0,0.56,0.22,0
706,0.45,0.54,0.49,0.29,0.5,0.0,0.49,0.25,0
1079,0.51,0.39,0.56,0.55,0.5,0.0,0.46,0.64,0
1116,0.55,0.35,0.36,0.29,0.5,0.0,0.51,0.22,0
699,0.39,0.16,0.59,0.08,0.5,0.0,0.51,0.27,0
448,0.68,0.58,0.51,0.19,0.5,0.83,0.54,0.22,0
719,0.58,0.31,0.6,0.12,0.5,0.0,0.47,0.33,0
602,0.46,0.49,0.45,0.28,0.5,0.0,0.55,0.22,0
987,0.59,0.51,0.47,0.21,0.5,0.0,0.47,0.22,0
1169,0.41,0.47,0.5,0.14,0.5,0.0,0.53,0.37,0
889,0.23,0.37,0.32,0.13,0.5,0.0,0.53,0.22,0
254,0.56,0.62,0.53,0.24,0.5,0.0,0.57,0.22,0
984,0.48,0.44,0.46,0.37,0.5,0.0,0.46,0.36,0
1003,0.47,0.38,0.5,0.15,0.5,0.0,0.49,0.47,0
1171,0.58,0.56,0.38,0.39,0.5,0.0,0.54,0.57,0
918,0.73,0.52,0.59,0.25,0.5,0.0,0.51,0.22,0
81,0.78,0.75,0.4,0.28,0.5,0.0,0.53,0.22,0
1411,0.45,0.65,0.51,0.17,0.5,0.0,0.49,0.22,0
1092,0.47,0.41,0.46,0.18,0.5,0.0,0.53,0.22,0
594,0.7,0.84,0.49,0.28,1.0,0.0,0.58,0.22,0
25,0.63,0.67,0.57,0.24,0.5,0.0,0.49,0.22,0
778,0.58,0.45,0.55,0.27,0.5,0.0,0.48,0.11,0
1055,0.42,0.51,0.33,0.16,0.5,0.0,0.54,0.22,0
409,0.37,0.55,0.29,0.32,0.5,0.0,0.51,0.22,0
144,0.49,0.31,0.49,0.35,0.5,0.0,0.51,0.29,0
412,0.77,0.6,0.42,0.33,0.5,0.0,0.57,0.22,0
123,0.41,0.39,0.44,0.34,0.5,0.0,0.48,0.4,0
592,0.52,0.46,0.51,0.18,0.5,0.0,0.5,0.22,0
765,0.37,0.3,0.51,0.15,0.5,0.0,0.58,0.26,0
1207,0.45,0.45,0.5,0.6,0.5,0.0,0.49,0.22,0
890,0.54,0.5,0.51,0.26,0.5,0.0,0.52,0.22,0
388,0.4,0.51,0.42,0.13,0.5,0.0,0.45,0.25,0
753,0.54,0.57,0.55,0.18,0.5,0.0,0.5,0.22,0
622,0.77,0.72,0.48,0.26,0.5,0.0,0.51,0.22,0
810,0.38,0.5,0.52,0.44,0.5,0.0,0.54,0.11,0
1407,0.59,0.55,0.57,0.18,0.5,0.0,0.51,0.22,0
555,0.45,0.21,0.49,0.24,0.5,0.0,0.46,0.31,0
1447,0.59,0.46,0.57,0.17,0.5,0.0,0.52,0.22,0
484,0.51,0.42,0.56,0.38,0.5,0.0,0.46,0.22,0
1159,0.58,0.67,0.49,0.16,0.5,0.0,0.47,0.28,0
1345,0.49,0.48,0.52,0.2,0.5,0.0,0.55,0.22,0
439,0.33,0.38,0.53,0.26,0.5,0.0,0.52,0.27,0
631,0.45,0.4,0.43,0.22,0.5,0.0,0.51,0.48,0
278,0.35,0.68,0.57,0.4,0.5,0.0,0.53,0.36,0
362,0.52,0.5,0.53,0.1,0.5,0.0,0.48,0.22,0
446,0.53,0.51,0.51,0.11,0.5,0.0,0.49,0.41,0
329,0.37,0.34,0.58,0.24,0.5,0.0,0.44,0.18,0
608,0.48,0.52,0.49,0.35,0.5,0.5,0.51,0.22,0
1037,0.45,0.76,0.51,0.25,0.5,0.0,0.59,0.22,0
775,0.61,0.48,0.56,0.19,0.5,0.0,0.53,0.31,0
687,0.35,0.47,0.53,0.19,0.5,0.0,0.48,0.22,0
534,0.56,0.63,0.52,0.2,0.5,0.0,0.34,0.26,0
351,0.61,0.54,0.49,0.19,0.5,0.0,0.54,0.47,0
170,0.37,0.58,0.44,0.51,0.5,0.0,0.44,0.22,0
954,0.36,0.37,0.63,0.25,0.5,0.0,0.3,0.22,0
937,0.51,0.48,0.51,0.26,0.5,0.0,0.51,0.27,0
435,0.39,0.37,0.33,0.23,0.5,0.0,0.53,0.26,0
1213,0.64,0.6,0.57,0.19,0.5,0.0,0.43,0.22,0
371,0.54,0.45,0.62,0.13,0.5,0.0,0.52,0.26,0
869,0.47,0.44,0.53,0.18,0.5,0.0,0.47,0.29,0
473,0.48,0.47,0.54,0.55,0.5,0.0,0.51,0.65,0
1399,0.56,0.42,0.52,0.14,0.5,0.0,0.51,0.22,0
707,0.55,0.59,0.53,0.15,0.5,0.0,0.49,0.22,0
1093,0.45,0.39,0.46,0.29,0.5,0.0,0.42,0.22,0
1189,0.46,0.44,0.52,0.11,0.5,0.0,0.5,0.22,0
877,0.38,0.42,0.31,0.35,0.5,0.0,0.52,0.22,0
507,0.54,0.64,0.5,0.13,0.5,0.0,0.49,0.22,0
676,0.49,0.45,0.57,0.24,0.5,0.0,0.47,0.38,0
41,0.74,0.57,0.51,0.28,0.5,0.0,0.58,0.22,0
620,0.74,0.72,0.5,0.28,0.5,0.0,0.49,0.27,0
929,0.25,0.33,0.48,0.18,0.5,0.0,0.42,0.33,0
1462,0.41,0.48,0.51,0.2,0.5,0.0,0.51,0.22,0
1128,0.52,0.65,0.36,0.26,0.5,0.0,0.44,0.22,0
728,0.47,0.47,0.54,0.19,0.5,0.0,0.51,0.33,0
303,0.43,0.54,0.58,0.16,0.5,0.0,0.5,0.36,0
416,0.42,0.51,0.39,0.22,0.5,0.0,0.49,0.26,0
165,0.42,0.58,0.41,0.65,0.5,0.0,0.46,0.26,0
267,0.41,0.39,0.51,0.52,0.5,0.0,0.49,0.22,0
942,0.51,0.5,0.49,0.45,0.5,0.0,0.48,0.22,0
1412,0.32,0.6,0.48,0.13,0.5,0.0,0.53,0.22,0
1398,0.57,0.5,0.4,0.08,0.5,0.0,0.47,0.22,0
846,0.41,0.49,0.47,0.09,0.5,0.0,0.49,0.22,0
843,0.58,0.56,0.46,0.14,0.5,0.0,0.51,0.22,0
1339,0.59,0.58,0.47,0.61,0.5,0.0,0.44,0.3,0
1212,0.39,0.47,0.56,0.16,0.5,0.0,0.47,0.22,0
1039,0.5,0.5,0.48,0.34,0.5,0.0,0.52,0.27,0
292,0.6,0.4,0.59,0.18,0.5,0.0,0.48,0.22,0
1395,0.39,0.65,0.57,0.19,0.5,0.0,0.43,0.25,0
380,0.4,0.45,0.42,0.17,0.5,0.0,0.54,0.26,0
269,0.69,0.6,0.5,0.31,0.5,0.0,0.55,0.22,0
356,0.41,0.3,0.49,0.28,0.5,0.0,0.54,0.22,0
527,0.58,0.38,0.4,0.21,0.5,0.0,0.5,0.22,0
998,0.54,0.48,0.55,0.33,0.5,0.0,0.55,0.4,0
281,0.51,0.35,0.46,0.15,0.5,0.0,0.51,0.42,0
454,0.46,0.57,0.52,0.28,0.5,0.0,0.52,0.22,0
52,0.54,0.48,0.44,0.08,0.5,0.0,0.52,0.27,0
249,0.77,0.87,0.47,0.37,0.5,0.0,0.48,0.22,0
632,0.47,0.54,0.53,0.77,0.5,0.0,0.52,0.36,0
287,0.31,0.31,0.54,0.18,0.5,0.0,0.52,0.29,0
225,0.83,0.58,0.33,0.04,0.5,0.0,0.53,0.22,0
1165,0.5,0.61,0.44,0.2,0.5,0.0,0.49,0.22,0
1298,0.49,0.48,0.46,0.63,0.5,0.0,0.52,0.22,0
461,0.4,0.47,0.48,0.18,0.5,0.0,0.46,0.22,0
13,0.66,0.55,0.45,0.19,0.5,0.0,0.46,0.22,0
763,0.36,0.49,0.55,0.21,0.5,0.0,0.55,0.33,0
1025,0.49,0.46,0.54,0.18,0.5,0.0,0.35,0.22,0
656,0.42,0.28,0.51,0.23,0.5,0.0,0.53,0.27,0
1245,0.71,0.59,0.53,0.15,0.5,0.0,0.49,0.33,0
1015,0.58,0.55,0.51,0.13,0.5,0.0,0.52,0.22,0
742,0.38,0.4,0.59,0.25,0.5,0.0,0.44,0.22,0
546,0.36,0.44,0.51,0.17,0.5,0.0,0.6,0.19,0
1480,0.38,0.4,0.39,0.19,0.5,0.0,0.46,0.62,0
300,0.49,0.47,0.52,0.16,0.5,0.0,0.53,0.28,0
23,0.59,0.45,0.53,0.19,0.5,0.0,0.59,0.27,0
224,0.37,0.53,0.46,0.23,0.5,0.0,0.47,0.22,0
502,0.62,0.59,0.54,0.47,0.5,0.0,0.46,0.22,0
1089,0.5,0.47,0.56,0.31,0.5,0.0,0.56,0.26,0
1381,0.27,0.31,0.55,0.13,0.5,0.0,0.5,0.22,0
860,0.49,0.49,0.52,0.18,0.5,0.0,0.51,0.25,0
997,0.52,0.45,0.53,0.34,0.5,0.0,0.52,0.44,0
1437,0.38,0.42,0.5,0.19,0.5,0.0,0.44,0.22,0
1194,0.74,0.75,0.58,0.47,0.5,0.0,0.4,0.35,0
871,0.45,0.41,0.53,0.49,0.5,0.0,0.49,0.31,0
647,0.54,0.53,0.48,0.14,0.5,0.0,0.49,0.33,0
972,0.43,0.28,0.41,0.32,0.5,0.0,0.52,0.22,0
250,0.35,0.46,0.49,0.15,1.0,0.0,0.55,0.35,0
768,0.46,0.35,0.69,0.18,0.5,0.0,0.3,0.25,0
1443,0.53,0.45,0.52,0.29,0.5,0.0,0.55,0.38,0
1043,0.61,0.73,0.5,0.58,0.5,0.0,0.5,0.22,0
280,0.45,0.42,0.52,0.2,0.5,0.0,0.5,0.25,0
35,0.57,0.53,0.53,0.34,0.5,0.0,0.53,0.22,0
305,0.34,0.66,0.51,0.16,0.5,0.0,0.47,0.33,0
882,0.8,0.69,0.53,0.33,0.5,0.0,0.51,0.22,0
145,0.38,0.37,0.56,0.21,0.5,0.0,0.49,0.22,0
1190,0.5,0.34,0.55,0.21,0.5,0.0,0.49,0.22,0
1100,0.54,0.44,0.38,0.22,0.5,0.0,0.54,0.3,0
182,0.53,0.38,0.66,0.25,0.5,0.0,0.43,0.22,0
1029,0.63,0.54,0.53,0.27,0.5,0.0,0.49,0.22,0
857,0.47,0.37,0.46,0.28,0.5,0.0,0.52,0.99,0
229,0.36,0.49,0.3,0.22,0.5,0.0,0.52,0.31,0
219,0.53,0.61,0.52,0.21,0.5,0.0,0.55,0.3,0
1184,0.47,0.43,0.61,0.4,0.5,0.0,0.48,0.47,0
259,0.69,0.6,0.51,0.13,0.5,0.83,0.52,0.22,0
1294,0.5,0.62,0.54,0.66,0.5,0.0,0.49,0.22,0
1351,0.52,0.46,0.56,0.2,0.5,0.0,0.5,0.22,0
835,0.6,0.51,0.49,0.18,0.5,0.0,0.53,0.38,0
253,0.25,0.4,0.51,0.18,0.5,0.0,0.5,0.27,0
17,0.45,0.4,0.5,0.16,0.5,0.0,0.5,0.22,0
456,0.7,0.53,0.42,0.22,0.5,0.0,0.51,0.28,0
943,0.45,0.45,0.51,0.3,0.5,0.0,0.48,0.44,0
92,0.27,0.6,0.48,0.23,0.5,0.0,0.55,0.22,0
379,0.47,0.59,0.43,0.13,0.5,0.0,0.56,0.3,0
366,0.51,0.52,0.48,0.5,0.5,0.0,0.51,0.22,0
842,0.34,0.46,0.52,0.19,0.5,0.0,0.53,0.26,0
1130,0.42,0.71,0.45,0.15,0.5,0.0,0.48,0.22,0
1318,0.46,0.46,0.56,0.12,0.5,0.0,0.55,0.22,0
1427,0.48,0.54,0.56,0.29,0.5,0.0,0.51,0.43,0
374,0.47,0.63,0.66,0.45,0.5,0.0,0.37,0.11,0
681,0.51,0.51,0.56,0.28,0.5,0.0,0.54,0.27,0
1102,0.43,0.41,0.37,0.18,0.5,0.0,0.54,0.31,0
191,0.38,0.51,0.75,0.17,0.5,0.0,0.55,0.22,0
926,0.47,0.32,0.51,0.24,0.5,0.0,0.54,0.27,0
791,0.56,0.35,0.47,0.41,0.5,0.0,0.5,0.22,0
1152,0.82,0.63,0.47,0.18,0.5,0.0,0.5,0.22,0
865,0.47,0.56,0.53,0.44,0.5,0.0,0.53,0.22,0
50,0.37,0.32,0.47,0.18,0.5,0.0,0.45,0.25,0
1101,0.22,0.53,0.36,0.22,0.5,0.0,0.54,0.31,0
1430,0.23,0.29,0.46,0.0,0.5,0.0,0.43,0.31,0
774,0.61,0.48,0.56,0.19,0.5,0.0,0.53,0.31,0
580,0.64,0.52,0.5,0.26,0.5,0.0,0.51,0.31,0
764,0.29,0.4,0.5,0.16,0.5,0.0,0.51,0.34,0
1150,0.6,0.68,0.3,0.27,0.5,0.0,0.55,0.22,0
773,0.61,0.53,0.59,0.17,0.5,0.0,0.44,0.28,0
873,0.47,0.5,0.47,0.22,0.5,0.0,0.53,0.45,0
1423,0.23,0.13,0.51,0.16,0.5,0.0,0.53,0.51,0
